review_text,sentiment
"This product is absolutely amazing! The quality is outstanding and it arrived on time. Highly recommend to everyone.",positive
"Terrible product. Broke after just two days of use. Complete waste of money. Very disappointed.",negative
"Good value for money. Works as described. Packaging was decent and delivery was fast.",positive
"Battery life is excellent. Screen display is crisp and clear. Overall very satisfied with this purchase.",positive
"Very poor build quality. The plastic feels cheap and flimsy. Not worth the price at all.",negative
"Exceeded my expectations. The performance is top notch and the design looks premium.",positive
"Received a damaged product. Customer service was unhelpful and took weeks to resolve the issue.",negative
"Amazing product at this price point. Sound quality is superb. Bass is deep and clear.",positive
"Stopped working after one week. Very unreliable and the company refuses to give a refund.",negative
"Perfect gift for my friend. She loved it. The color and finish are beautiful.",positive
"The product looks nothing like the pictures. Very misleading description. Totally disappointed.",negative
"Outstanding performance. Easy to set up and use. Battery lasts all day without any issues.",positive
"Cheap quality. Fell apart within days. I expected much better for the price paid.",negative
"Fast delivery and great packaging. Product works perfectly. Will definitely buy again from this seller.",positive
"The camera quality is exceptional. Photos come out sharp and vibrant even in low light.",positive
"Worst purchase I have made this year. The device overheats constantly. Stay away from this.",negative
"Superb product. Very durable and lightweight. Exactly what I needed for my daily use.",positive
"Customer support is useless. Product is faulty and they refused to help me resolve it.",negative
"Love the sleek design. Very easy to carry around. Performance is smooth and responsive.",positive
"Not at all as described. Missing features mentioned in the listing. Feeling very cheated.",negative
"Fantastic product. Works like a charm. Great value for the money spent. Five stars.",positive
"Extremely slow and laggy. The software crashes frequently. Very frustrated with this purchase.",negative
"Good product overall. Minor issues with the packaging but the item itself is fine.",positive
"The display is stunning. Colors are vivid and bright. Very happy with this screen.",positive
"Worst delivery experience. Package arrived crushed and the product was scratched all over.",negative
"Brilliant sound quality. The speakers are loud and clear. Perfect for outdoor use.",positive
"Very disappointed. The product stopped charging after just three days of normal use.",negative
"Great value purchase. Looks elegant and performs well. Recommended for budget buyers.",positive
"Item came without the promised accessories. Seller support is pathetic and unresponsive.",negative
"Excellent product! The battery backup is incredible. Lasts two full days on single charge.",positive
"Terrible experience from start to finish. Wrong item delivered and return process is a nightmare.",negative
"Works great for my needs. Very satisfied with the purchase and the quick delivery.",positive
"The product is sturdy and well-built. Looks exactly like the photos. Happy with it.",positive
"Extremely poor quality control. The screen has dead pixels right out of the box.",negative
"Highly satisfied with this product. Fast performance and great display. Truly worth every rupee.",positive
"Very cheaply made. The buttons feel wobbly and the build quality is really bad.",negative
"Smooth experience. The interface is intuitive and everything works seamlessly as expected.",positive
"Disappointed with the audio quality. Lots of static noise and the volume is very low.",negative
"Absolutely love this product. It has made my daily routine so much easier and fun.",positive
"Product quality is very inconsistent. Mine had a defect that took weeks to get replaced.",negative
"Best purchase of the year. Great features, stylish design and excellent customer support team.",positive
"Fake product. Looks nothing like the original brand. Do not buy from this seller.",negative
"Works perfectly fine. Delivery was prompt and the packaging was secure. Good experience.",positive
"The touch response is terrible. Very unresponsive and laggy especially during multitasking.",negative
"Really good product for the price. Not the best but definitely gets the job done.",positive
"Completely stopped working after two weeks. The company has no proper after sales support.",negative
"Impressed with the build quality. Feels premium and expensive. Works flawlessly every time.",positive
"Very noisy fan. Overheats within minutes of use. Not recommended for extended sessions.",negative
"Compact and lightweight. Easy to carry and use on the go. Very satisfied customer.",positive
"Screen cracked on its own without any impact. Very fragile and poor quality materials.",negative
"Excellent product. Works as advertised and the delivery was ahead of schedule. Very happy.",positive
"Poor packaging led to a damaged item. The box was taped poorly and had dents.",negative
"This is a solid product. Very reliable and consistent performance over several months now.",positive
"The product smells weird and chemical. Concerned about the safety of using this item.",negative
"Great design and very comfortable to use. The ergonomics are well thought out here.",positive
"Buttons stopped working within a week. Very poor build. Not worth a single rupee.",negative
"Best product in this price range. Highly durable and the performance never lets me down.",positive
"Charging port is loose from day one. The cable keeps disconnecting during charging session.",negative
"Perfect for everyday use. Simple, effective and reliable. Would recommend to all my friends.",positive
"Received second hand product in the name of new. Scratches visible all over the body.",negative
"Amazing features at this price. The processor is fast and handles all apps smoothly.",positive
"Very dim display. Cannot see anything properly in sunlight. Very poor screen brightness.",negative
"Loving this product every day. The performance is consistent and the battery life is great.",positive
"The product manual is incomplete and confusing. Setup was very difficult without proper guidance.",negative
"Good product overall. The sound is clear and bass heavy which is exactly what I wanted.",positive
"Overpriced for what you get. Similar products are available for half the price elsewhere.",negative
"Quality is top notch. Very well finished and the packaging was luxurious and impressive.",positive
"Product had missing screws in the box. Customer care took five days to respond.",negative
"Solid build and great performance. This product is worth every single rupee I spent.",positive
"Very poor after sales service. Product is faulty but they refuse to honor the warranty.",negative
"Comfortable to use for long hours. No strain on eyes or hands. Excellent product.",positive
"Completely useless product. Stopped working on the very first day of use. Pathetic quality.",negative
"Love the minimalist design. Functional and stylish. The best purchase I made this month.",positive
"Screen flickers randomly. Very annoying and distracting during use. Poor quality control.",negative
"Great budget product. Does everything I need it to do without any major complaints.",positive
"Very misleading product images. The actual product looks completely different and cheaper.",negative
"Solid performance throughout. No issues after three months of heavy daily use. Recommended.",positive
"Plastic cover broke while unboxing. The quality of materials is extremely disappointing.",negative
"Outstanding battery life. Lasted all day on a single charge even with heavy usage.",positive
"Speaker crackles at high volume. Very poor audio components used in this product.",negative
"Excellent product at a very competitive price. Packaging is eco friendly and minimalist.",positive
"Product arrived late and was not as described. Very unsatisfied with this whole experience.",negative
"Works exactly as expected. Setup was quick and simple. Very happy with the purchase.",positive
"The display has yellow tint issues. Colors look washed out and inaccurate across the screen.",negative
"Very fast and efficient. No lag or slowdown at all even under heavy multitasking conditions.",positive
"Extremely disappointed. The product stopped working after being charged just three times.",negative
"Beautiful product. Very well crafted with attention to detail. Exceeded all my expectations.",positive
"The product is made of very low grade plastic. Feels like it will break any time.",negative
"Great sound quality. Clear highs and punchy bass. The best earphones at this price.",positive
"The zipper broke on first use. Very poorly stitched and the fabric quality is terrible.",negative
"Very responsive touch screen. Smooth scrolling and great color reproduction. Happy with it.",positive
"Wrong color delivered. Contacted seller but they have not replied for five days now.",negative
"Love this product. Very handy and durable. Works great for both home and office use.",positive
"Absolutely terrible. Product never worked from day one. Biggest mistake buying from here.",negative
"Great product with premium feel. The weight is perfectly balanced and easy to handle.",positive
"The earbuds fell out of ears constantly. Very poor fit and uncomfortable for long sessions.",negative
"Highly recommend this product. Quality is impressive and performance is absolutely consistent.",positive
"Very bad smell from the product. Could be harmful. Returned it immediately for safety.",negative
"Nice sleek design. Runs cool even under load. Very impressed with thermal performance.",positive
"Screen went blank after one week. No physical damage. Just stopped working randomly.",negative
"Perfect product for its price. Sturdy build and reliable performance. Very good value.",positive
"Packaging was broken and taped sloppily. The product inside had surface marks on it.",negative
"Quick delivery and well packed. The product is solid and works flawlessly. Recommended.",positive
"Very laggy interface. Takes ages to load even basic applications. Extremely frustrating.",negative
"Best product I have bought online. Everything about it is top quality and well made.",positive
"Product is fake. Does not match the brand specifications at all. Avoid this seller.",negative
"Great purchase. Works perfectly and battery life is impressive. Delivery was also fast.",positive
"Cheap build quality. Started showing cracks within a week. Very fragile and unreliable.",negative
"Superb product. The sound clarity and bass response are exceptional for the price.",positive
"The USB cable provided stopped working within two days. Very poor quality accessories.",negative
"Very happy with this product. It works exactly as described. Fast shipping too.",positive
"Terrible after sales support. Product is defective and company refuses to replace it.",negative
"Impressive performance and great design. This product offers excellent value for money.",positive
"The display started flickering after a month of use. Very poor long term reliability.",negative
"Easy to use and very effective. This product has simplified my daily tasks greatly.",positive
"Very average product. Not worth the hype or the price tag. Expected much better quality.",negative
"Absolutely brilliant product. I use it every day and have had zero issues so far.",positive
"Buttons are very stiff and hard to press. Design is not ergonomic or user friendly.",negative
"Great product with fast delivery. Everything arrived in perfect condition. Highly satisfied.",positive
"Defective unit received. Exchange process took three weeks and customer service was rude.",negative
"Excellent quality and performance. One of the best products in its category available.",positive
"Very poor durability. Paint chipped off within a week of normal everyday use.",negative
"Satisfied with the product. Works as advertised and price is fair for what you get.",positive
"Sound quality is tinny and lacks depth. Very disappointing for the price being charged.",negative
